old_name,new_name,cfac,simu_fac
NMCPD_dw_ite, NMC_NC_NOTFIXED_EM-F2, ,
NMC, NMC_NC_NOTFIXED_P_EM-SIGMARED, ,
SLACP_dwsh, SLAC_NC_NOTFIXED_P_EM-F2, ,
SLACD_dw_ite, SLAC_NC_NOTFIXED_D_EM-F2, ,
BCDMSP_dwsh, BCDMS_NC_NOTFIXED_P_EM-F2, ,
BCDMSD_dw_ite, BCDMS_NC_NOTFIXED_D_EM-F2, ,
CHORUSNUPb_dw_ite, CHORUS_CC_NOTFIXED_PB_NU-SIGMARED, ,
CHORUSNBPb_dw_ite, CHORUS_CC_NOTFIXED_PB_NB-SIGMARED, ,
NTVNUDMNFe_dw_ite, NUTEV_CC_NOTFIXED_FE_NU-SIGMARED, [MAS],
NTVNBDMNFe_dw_ite, NUTEV_CC_NOTFIXED_FE_NB-SIGMARED, [MAS],
HERACOMBNCEM, HERA_NC_318GEV_EM-SIGMARED, ,
HERACOMBNCEP460, HERA_NC_225GEV_EP-SIGMARED, ,
HERACOMBNCEP575, HERA_NC_251GEV_EP-SIGMARED, ,
HERACOMBNCEP820, HERA_NC_300GEV_EP-SIGMARED, ,
HERACOMBNCEP920, HERA_NC_318GEV_EP-SIGMARED, ,
HERACOMBCCEM, HERA_CC_318GEV_EM-SIGMARED, ,
HERACOMBCCEP, HERA_CC_318GEV_EP-SIGMARED, ,
HERACOMB_SIGMARED_C, HERA_NC_318GEV_EAVG_CHARM-SIGMARED, ,
HERACOMB_SIGMARED_B, HERA_NC_318GEV_EAVG_BOTTOM-SIGMARED, ,
DYE886R_dw_ite, DYE866_Z0_800GEV_DW_RATIO_PDXSECRATIO, [QCD],
DYE886P, DYE866_Z0_800GEV_PXSEC, [QCD],
DYE605_dw_ite, DYE605_Z0_38P8GEV_DW_PXSEC, [QCD],
DYE906R_dw_ite, DYE906_Z0_120GEV_DW_PDXSECRATIO, [ACC QCD],
CDFZRAP_NEW, CDF_Z0_1P96TEV_ZRAP, [QCD],
D0ZRAP_40, D0_Z0_1P96TEV_ZRAP, [QCD],
D0WMASY, D0_WPWM_1P96TEV_ASY, [QCD],
ATLASWZRAP36PB, ATLAS_DY_7TEV_36PB_ETA, [QCD],
ATLASLOMASSDY11EXT, ATLAS_Z0_7TEV_LOMASS_M, [QCD],
ATLASWZRAP11CC, ATLAS_DY_7TEV_46FB_CC, [QCD],
ATLASWZRAP11CF, ATLAS_Z0_7TEV_46FB_CF-Y, [QCD],
ATLAS_DY_2D_8TEV_LOWMASS, ATLAS_Z0_8TEV_LOWMASS_M-Y, [QCD],
ATLAS_WZ_TOT_13TEV, ATLAS_DY_13TEV_TOT, [NRM QCD],
ATLAS_WP_JET_8TEV_PT, ATLAS_WJ_8TEV_WP-PT, [QCD],
ATLAS_WM_JET_8TEV_PT, ATLAS_WJ_8TEV_WM-PT, [QCD],
ATLASZPT8TEVMDIST, ATLAS_Z0J_8TEV_PT-M, [QCD],
ATLASZPT8TEVYDIST, ATLAS_Z0J_8TEV_PT-Y, [QCD],
ATLAS_1JET_8TEV_R06_DEC, ATLAS_1JET_8TEV_R06_PTY, [QCD],
ATLAS_2JET_7TEV_R06, ATLAS_2JET_7TEV_R06_M12Y, [QCD],
ATLASPHT15_SF, ATLAS_PH_13TEV_XSEC, [QCD EWK],
CMSWEASY840PB, CMS_WPWM_7TEV_ELECTRON_ASY, [QCD],
CMSWMASY47FB, CMS_WPWM_7TEV_MUON_ASY, [QCD],
CMSWMU8TEV, CMS_WPWM_8TEV_MUON_Y, [QCD],
CMSZDIFF12, CMS_Z0J_8TEV_PT-Y, [QCD NRM],
CMS_2JET_7TEV, CMS_2JET_7TEV_M12-Y, [QCD],
CMS_1JET_8TEV, CMS_1JET_8TEV_PTY, [QCD],
LHCBZ940PB, LHCB_Z0_7TEV_DIELECTRON_Y, [QCD],
LHCBZEE2FB_40, LHCB_Z0_8TEV_DIELECTRON_Y, [QCD],
LHCBWZMU7TEV, LHCB_DY_7TEV_MUON_Y, [NRM QCD],
LHCBWZMU8TEV, LHCB_DY_8TEV_MUON_Y, [NRM QCD],
LHCB_Z_13TEV_DIMUON, LHCB_Z0_13TEV_DIMUON-Y, [QCD],
LHCB_Z_13TEV_DIELECTRON, LHCB_Z0_13TEV_DIELECTRON-Y, [QCD],

ATLASDY2D8TEV, ATLAS_Z0_8TEV_HIMASS_M-Y, [QCDEWK], EFT_LO
CMSDY2D11, CMS_Z0_7TEV_DIMUON_2D, [QCD], EFT_LO
ATLASZHIGHMASS49FB, ATLAS_Z0_7TEV_49FB_HIMASS, [QCD], EFT_LO
CMSDY1D12, NOT FOUND, ['QCD' 'EWK'], EFT_LO
CMS_HMDY_13TEV, NOT FOUND, ['QCD' 'EWK'], EFT_LO
ATLASTTBARTOT7TEV, ATLAS_TTBAR_7TEV_TOT_X-SEC, [QCD], EFT_NLO
ATLASTTBARTOT8TEV, ATLAS_TTBAR_8TEV_TOT_X-SEC, [QCD], EFT_NLO
ATLAS_TOPDIFF_DILEPT_8TEV_TTMNORM, ATLAS_TTBAR_8TEV_2L_DIF_MTTBAR-NORM, [QCD], EFT_NLO
ATLAS_TTBAR_8TEV_LJETS_TOTAL, NOT FOUND, [QCD], EFT_NLO
ATLAS_TTB_DIFF_8TEV_LJ_TRAPNORM, ATLAS_TTBAR_8TEV_LJ_DIF_YT-NORM, [QCD], EFT_NLO
ATLAS_TTB_DIFF_8TEV_LJ_TTRAPNORM, ATLAS_TTBAR_8TEV_LJ_DIF_YTTBAR-NORM, [QCD], EFT_NLO
ATLAS_TTBAR_13TEV_DILEPTON_TOTAL, NOT FOUND, [QCD], EFT_NLO
ATLAS_TTBAR_13TEV_HADRONIC_TOTAL, NOT FOUND, [QCD], EFT_NLO
ATLAS_TTBAR_13TEV_HADRONIC_2D_TTM_ABSYTTNORM, NOT FOUND, [QCD], EFT_NLO
ATLAS_TTBAR_13TEV_LJETS_TOTAL, NOT FOUND, [QCD], EFT_NLO
ATLAS_TTBAR_13TEV_TTMNORM, NOT FOUND, [QCD], EFT_NLO
CMSTTBARTOT5TEV, CMS_TTBAR_5TEV_TOT_X-SEC, [QCD], EFT_NLO
CMSTTBARTOT7TEV, CMS_TTBAR_7TEV_TOT_X-SEC, [QCD], EFT_NLO
CMSTTBARTOT8TEV, CMS_TTBAR_8TEV_TOT_X-SEC, [QCD], EFT_NLO
CMS_TTBAR_2D_DIFF_MTT_TTRAP_NORM, CMS_TTBAR_8TEV_2L_DIF_MTTBAR-YTTBAR-NORM, [QCD], EFT_NLO
CMSTOPDIFF8TEVTTRAPNORM, CMS_TTBAR_8TEV_LJ_DIF_YTTBAR-NORM, [QCD], EFT_NLO
CMSTTBARTOT13TEV, CMS_TTBAR_13TEV_TOT_X-SEC, [QCD], EFT_NLO
CMS_TTB_DIFF_13TEV_2016_2L_TTMNORM, CMS_TTBAR_13TEV_2L_DIF_MTTBAR-NORM, [QCD], EFT_NLO
CMS_TTBAR_13TEV_LJETS_TOTAL, NOT FOUND, [QCD], EFT_NLO
CMS_TTBAR_13TEV_TTMNORM, NOT FOUND, [QCD], EFT_NLO
ATLAS_TTBAR_8TEV_ASY, NOT FOUND, [QCD], EFT_NLO
ATLAS_TTBAR_13TEV_ASY_2022, NOT FOUND, [QCD], EFT_NLO
CMS_TTBAR_8TEV_ASY, NOT FOUND, [QCD], EFT_NLO
CMS_TTBAR_13TEV_ASY, NOT FOUND, [QCD], EFT_NLO
ATLAS_CMS_TTBAR_8TEV_ASY, NOT FOUND, [QCD], EFT_NLO

ATLAS_TTBARZ_8TEV_TOTAL, NOT FOUND, , EFT_LO
ATLAS_TTBARZ_13TEV_TOTAL, NOT FOUND, [QCD], EFT_LO
ATLAS_TTBARZ_13TEV_PTZNORM, NOT FOUND, , EFT_LO
CMS_TTBARZ_8TEV_TOTAL, NOT FOUND, , EFT_LO
CMS_TTBARZ_13TEV_TOTAL, NOT FOUND, [QCD], EFT_LO
CMS_TTBARZ_13TEV_PTZNORM, NOT FOUND, , EFT_LO
ATLAS_TTBARW_8TEV_TOTAL, NOT FOUND, , EFT_LO
ATLAS_TTBARW_13TEV_TOTAL, NOT FOUND, [QCD], EFT_LO
CMS_TTBARW_8TEV_TOTAL, NOT FOUND, , EFT_LO
CMS_TTBARW_13TEV_TOTAL, NOT FOUND, [QCD], EFT_LO
ATLAS_SINGLETOP_TCH_7TEV_T, NOT FOUND, [QCD], EFT_NLO
ATLAS_SINGLETOP_TCH_7TEV_TB, NOT FOUND, [QCD], EFT_NLO
ATLAS_SINGLETOP_TCH_DIFF_7TEV_T_RAP_NORM, ATLAS_SINGLETOP_7TEV_T-Y-NORM, [QCD], EFT_NLO
ATLAS_SINGLETOP_TCH_DIFF_7TEV_TBAR_RAP_NORM, ATLAS_SINGLETOP_7TEV_TBAR-Y-NORM, [QCD], EFT_NLO
ATLAS_SINGLETOP_TCH_8TEV_T, NOT FOUND, [QCD], EFT_NLO
ATLAS_SINGLETOP_TCH_8TEV_TB, NOT FOUND, [QCD], EFT_NLO
ATLAS_SINGLETOP_TCH_DIFF_8TEV_T_RAP_NORM, ATLAS_SINGLETOP_8TEV_T-RAP-NORM, [QCD], EFT_NLO
ATLAS_SINGLETOP_TCH_DIFF_8TEV_TBAR_RAP_NORM, ATLAS_SINGLETOP_8TEV_TBAR-RAP-NORM, [QCD], EFT_NLO
ATLAS_SINGLETOP_SCH_8TEV_TOTAL, NOT FOUND, [QCD], EFT_NLO
ATLAS_SINGLETOP_TCH_13TEV_T, NOT FOUND, [QCD], EFT_NLO
ATLAS_SINGLETOP_TCH_13TEV_TB, NOT FOUND, [QCD], EFT_NLO
ATLAS_SINGLETOP_SCH_13TEV_TOTAL, NOT FOUND, [QCD], EFT_NLO
CMS_SINGLETOP_TCH_TOT_7TEV, CMS_SINGLETOP_7TEV_TCHANNEL-XSEC, [QCD], EFT_NLO
CMS_SINGLETOP_TCH_8TEV_T, NOT FOUND, [QCD], EFT_NLO
CMS_SINGLETOP_TCH_8TEV_TB, NOT FOUND, [QCD], EFT_NLO
CMS_SINGLETOP_SCH_8TEV_TOTAL, NOT FOUND, [QCD], EFT_NLO
CMS_SINGLETOP_TCH_13TEV_T, NOT FOUND, [QCD], EFT_NLO
CMS_SINGLETOP_TCH_13TEV_TB, NOT FOUND, [QCD], EFT_NLO
CMS_SINGLETOP_TCH_13TEV_YTNORM, NOT FOUND, [QCD], EFT_NLO
ATLAS_SINGLETOPW_8TEV_TOTAL, NOT FOUND, , EFT_NLO
ATLAS_SINGLETOPW_8TEV_SLEP_TOTAL, NOT FOUND, , EFT_NLO
ATLAS_SINGLETOPW_13TEV_TOTAL, NOT FOUND, , EFT_NLO
CMS_SINGLETOPW_8TEV_TOTAL, NOT FOUND, , EFT_NLO
CMS_SINGLETOPW_13TEV_TOTAL, NOT FOUND, , EFT_NLO
CMS_SINGLETOPW_13TEV_SLEP_TOTAL, NOT FOUND, , EFT_NLO

ATLAS_WHEL_13TEV, NOT FOUND, , EFT_NLO 
ATLAS_CMS_WHEL_8TEV, NOT FOUND, , EFT_NLO
ATLAS_TTBARGAMMA_8TEV_TOTAL, NOT FOUND, , EFT_LO
CMS_TTBARGAMMA_8TEV_TOTAL, NOT FOUND, , EFT_LO
ATLAS_4TOP_13TEV_MULTILEP_TOTAL, NOT FOUND, , EFT_LO
ATLAS_4TOP_13TEV_SLEP_TOTAL, NOT FOUND, , EFT_LO
CMS_4TOP_13TEV_MULTILEP_TOTAL, NOT FOUND, , EFT_LO
CMS_4TOP_13TEV_SLEP_TOTAL, NOT FOUND, , EFT_LO
CMS_TTBB_13TEV_ALLJET_TOTAL, NOT FOUND, , EFT_LO
CMS_TTBB_13TEV_DILEPTON_TOTAL, NOT FOUND, , EFT_LO
CMS_TTBB_13TEV_LJETS_TOTAL, NOT FOUND, , EFT_LO
ATLAS_TTBB_13TEV_LJETS_TOTAL, NOT FOUND, , EFT_LO
ATLAS_SINGLETOPZ_13TEV_TOTAL, NOT FOUND, , EFT_LO
CMS_SINGLETOPZ_13TEV_TOTAL, NOT FOUND, , EFT_LO
CMS_SINGLETOPZ_13TEV_PTT, NOT FOUND, , EFT_LO
LEP_ZDATA, NOT FOUND, , EFT_LO
LEP_BRW, NOT FOUND, , EFT_LO
LEP_BHABHA, NOT FOUND, , EFT_LO
ALPHAEW_WITHTHUNC, NOT FOUND, , EFT_LO
ATLAS_CMS_SSINC_RUNI, NOT FOUND, , EFT_NLO
CMS_SSINC_RUNII, NOT FOUND, , EFT_NLO
ATLAS_STXS_RUNII, NOT FOUND, , EFT_LO
ATLAS_SSINC_RUNII_ZGAM, NOT FOUND, , EFT_LO
ATLAS_SSINC_RUNII_MUMU, NOT FOUND, , EFT_LO
LEP_EEWW_182GEV, NOT FOUND, , EFT_LO
LEP_EEWW_189GEV, NOT FOUND, , EFT_LO
LEP_EEWW_198GEV, NOT FOUND, , EFT_LO
LEP_EEWW_206GEV, NOT FOUND, , EFT_LO
ATLAS_WW_13TEV_2016_MEMU, NOT FOUND, , EFT_NLO
ATLAS_WZ_13TEV_2016_MTWZ, NOT FOUND, , EFT_NLO
CMS_WZ_13TEV_2016_PTZ, NOT FOUND, , EFT_NLO
ATLAS_ZJJ_13TEV_2016, NOT FOUND, , EFT_LO
BETA_DECAY_OBS, NOT FOUND, , EFT_LO
MESON1_OBS, NOT FOUND, , EFT_LO
MESON2_OBS, NOT FOUND, , EFT_LO
PV_OBS, NOT FOUND, , EFT_LO
ATLAS_WPWM_13TEV_HMT_DIF-LEP-PM, NOT FOUND, ['EWK'], EFT_LO

NOT_FOUND, CMS_SINGLETOP_13TEV_TCHANNEL-XSEC,,
NOT_FOUND, CMS_SINGLETOP_8TEV_TCHANNEL-XSEC,,
NOT_FOUND,CMS_TTBAR_13TEV_LJ_2016_DIF_YT,,
NOT_FOUND,CMS_TTBAR_13TEV_2L_DIF_YT,,
NOT_FOUND,CMS_TTBAR_8TEV_2L_DIF_MTTBAR-YT-NORM,,
NOT_FOUND, ATLAS_SINGLETOP_13TEV_TCHANNEL-XSEC,,
NOT_FOUND,ATLAS_SINGLETOP_7TEV_TCHANNEL-XSEC,,
NOT_FOUND,ATLAS_TTBAR_8TEV_2L_DIF_YTTBAR-NORM,,
NOT_FOUND,ATLAS_TTBAR_13TEV_TOT_X-SEC,,
NOT_FOUND,ATLAS_WPWM_13TEV_TOT,,
NOT_FOUND,ATLAS_Z0_13TEV_TOT,,
NOT_FOUND,ATLAS_Z0_7TEV_46FB_CC-Y,,
NOT_FOUND,ATLAS_WPWM_7TEV_46FB_CC-ETA,,
NOT_FOUND,ATLAS_Z0_7TEV_36PB_ETA,,
NOT_FOUND,ATLAS_WPWM_7TEV_36PB_ETA,,
